{"cameraMode":{"drawMode":0,"name":"Shaded","section":"Shading Mode"},"sceneLighting":false,"audioPlay":false,"sceneViewState":{"m_AlwaysRefresh":false,"showFog":true,"showSkybox":false,"showFlares":true,"showImageEffects":true,"showParticleSystems":true,"showVisualEffectGraphs":true,"m_FxEnabled":true},"in2DMode":false,"pivot":{"x":2.9802322387695315e-8,"y":0.38663291931152346,"z":0.10463005304336548},"rotation":{"x":-0.03431117907166481,"y":-0.9523198008537293,"z":0.2794327437877655,"w":-0.1172194629907608},"size":0.7555173635482788,"orthographic":false}