{"cameraMode":{"drawMode":0,"name":"Shaded","section":"Shading Mode"},"sceneLighting":true,"audioPlay":false,"sceneViewState":{"m_AlwaysRefresh":false,"showFog":true,"showSkybox":true,"showFlares":true,"showImageEffects":true,"showParticleSystems":true,"showVisualEffectGraphs":true,"m_FxEnabled":true},"in2DMode":false,"pivot":{"x":13.970001220703125,"y":2.1500015258789064,"z":4.800000190734863},"rotation":{"x":-0.004889809526503086,"y":0.9951735734939575,"z":-0.06317169964313507,"w":-0.07597485929727555},"size":0.8660253882408142,"orthographic":false}