{"cameraMode":{"drawMode":0,"name":"Shaded","section":"Shading Mode"},"sceneLighting":false,"audioPlay":false,"sceneViewState":{"m_AlwaysRefresh":false,"showFog":true,"showSkybox":false,"showFlares":true,"showImageEffects":true,"showParticleSystems":true,"showVisualEffectGraphs":true,"m_FxEnabled":true},"in2DMode":false,"pivot":{"x":0.0040169283747673038,"y":0.11523987352848053,"z":-0.05581881105899811},"rotation":{"x":-0.03431117907166481,"y":-0.9523198008537293,"z":0.2794327437877655,"w":-0.1172194629907608},"size":0.2701827585697174,"orthographic":false}