{"cameraMode":{"drawMode":0,"name":"Shaded","section":"Shading Mode"},"sceneLighting":false,"audioPlay":false,"sceneViewState":{"m_AlwaysRefresh":false,"showFog":true,"showSkybox":false,"showFlares":true,"showImageEffects":true,"showParticleSystems":true,"showVisualEffectGraphs":true,"m_FxEnabled":true},"in2DMode":false,"pivot":{"x":-0.23000001907348634,"y":2.0199999809265138,"z":10.479999542236329},"rotation":{"x":-0.01977355033159256,"y":-0.9726056456565857,"z":0.09054730087518692,"w":-0.21346159279346467},"size":2.8067119121551515,"orthographic":false}