{"cameraMode":{"drawMode":0,"name":"Shaded","section":"Shading Mode"},"sceneLighting":false,"audioPlay":false,"sceneViewState":{"m_AlwaysRefresh":false,"showFog":true,"showSkybox":false,"showFlares":true,"showImageEffects":true,"showParticleSystems":true,"showVisualEffectGraphs":true,"m_FxEnabled":true},"in2DMode":false,"pivot":{"x":0.0040169283747673038,"y":0.11523987352848053,"z":-0.05581881105899811},"rotation":{"x":-0.1718701869249344,"y":-0.8152645230293274,"z":0.3082549571990967,"w":-0.4597132205963135},"size":0.8660253882408142,"orthographic":false}