{"cameraMode":{"drawMode":0,"name":"Shaded","section":"Shading Mode"},"sceneLighting":false,"audioPlay":false,"sceneViewState":{"m_AlwaysRefresh":false,"showFog":true,"showSkybox":false,"showFlares":true,"showImageEffects":true,"showParticleSystems":true,"showVisualEffectGraphs":true,"m_FxEnabled":true},"in2DMode":false,"pivot":{"x":-2.9802322387695315e-8,"y":0.6678231954574585,"z":0.026546239852905275},"rotation":{"x":-0.03431117907166481,"y":-0.9523198008537293,"z":0.2794327437877655,"w":-0.1172194629907608},"size":1.7393916845321656,"orthographic":false}