{"cameraMode":{"drawMode":0,"name":"Shaded","section":"Shading Mode"},"sceneLighting":false,"audioPlay":false,"sceneViewState":{"m_AlwaysRefresh":false,"showFog":true,"showSkybox":false,"showFlares":true,"showImageEffects":true,"showParticleSystems":true,"showVisualEffectGraphs":true,"m_FxEnabled":true},"in2DMode":false,"pivot":{"x":-0.029200032353401185,"y":0.26805007457733157,"z":0.9978999495506287},"rotation":{"x":-0.10859150439500809,"y":-0.7084550857543945,"z":0.11226680129766464,"w":-0.6884828209877014},"size":0.5119238495826721,"orthographic":false}