{"cameraMode":{"drawMode":0,"name":"Shaded","section":"Shading Mode"},"sceneLighting":false,"audioPlay":false,"sceneViewState":{"m_AlwaysRefresh":false,"showFog":true,"showSkybox":false,"showFlares":true,"showImageEffects":true,"showParticleSystems":true,"showVisualEffectGraphs":true,"m_FxEnabled":true},"in2DMode":false,"pivot":{"x":2.9802322387695315e-8,"y":0.38663291931152346,"z":0.10463005304336548},"rotation":{"x":-0.1718701869249344,"y":-0.8152645230293274,"z":0.3082549571990967,"w":-0.4597132205963135},"size":0.8660253882408142,"orthographic":false}