{"cameraMode":{"drawMode":0,"name":"Shaded","section":"Shading Mode"},"sceneLighting":false,"audioPlay":false,"sceneViewState":{"m_AlwaysRefresh":false,"showFog":true,"showSkybox":false,"showFlares":true,"showImageEffects":true,"showParticleSystems":true,"showVisualEffectGraphs":true,"m_FxEnabled":true},"in2DMode":false,"pivot":{"x":0.00152587890625,"y":1.3624279499053956,"z":2.663072347640991},"rotation":{"x":0.021558135747909547,"y":0.9624184370040894,"z":-0.08089672029018402,"w":0.25874802470207217},"size":1.7055859565734864,"orthographic":false}