{"cameraMode":{"drawMode":0,"name":"Shaded","section":"Shading Mode"},"sceneLighting":true,"audioPlay":false,"sceneViewState":{"m_AlwaysRefresh":false,"showFog":true,"showSkybox":true,"showFlares":true,"showImageEffects":true,"showParticleSystems":true,"showVisualEffectGraphs":true,"m_FxEnabled":true},"in2DMode":false,"pivot":{"x":-6.9536213874816898,"y":86.35940551757813,"z":-8.891550064086914},"rotation":{"x":-0.047633688896894458,"y":0.9157945513725281,"z":-0.11351446807384491,"w":-0.38267916440963747},"size":5.307727813720703,"orthographic":true}