{"cameraMode":{"drawMode":0,"name":"Shaded","section":"Shading Mode"},"sceneLighting":false,"audioPlay":false,"sceneViewState":{"m_AlwaysRefresh":false,"showFog":true,"showSkybox":false,"showFlares":true,"showImageEffects":true,"showParticleSystems":true,"showVisualEffectGraphs":true,"m_FxEnabled":true},"in2DMode":false,"pivot":{"x":-6.556510925292969e-7,"y":0.9865378737449646,"z":0.16703322529792787},"rotation":{"x":-0.03431117907166481,"y":-0.9523198008537293,"z":0.2794327437877655,"w":-0.1172194629907608},"size":1.5214524269104005,"orthographic":false}