{"cameraMode":{"drawMode":0,"name":"Shaded","section":"Shading Mode"},"sceneLighting":true,"audioPlay":false,"sceneViewState":{"m_AlwaysRefresh":false,"showFog":true,"showSkybox":true,"showFlares":true,"showImageEffects":true,"showParticleSystems":true,"showVisualEffectGraphs":true,"m_FxEnabled":true},"in2DMode":false,"pivot":{"x":25.659740447998048,"y":0.9208526611328125,"z":-0.10280746221542359},"rotation":{"x":-0.003702090820297599,"y":-0.989675760269165,"z":0.027562709525227548,"w":-0.14152789115905763},"size":1.3174697160720826,"orthographic":false}